-- phpMyAdmin SQL Dump
-- version 5.2.0
-- https://www.phpmyadmin.net/
--
-- Počítač: 127.0.0.1
-- Vytvořeno: Stř 07. pro 2022, 19:38
-- Verze serveru: 10.4.25-MariaDB
-- Verze PHP: 8.1.10

SET SQL_MODE = "NO_AUTO_VALUE_ON_ZERO";
START TRANSACTION;
SET time_zone = "+00:00";


/*!40101 SET @OLD_CHARACTER_SET_CLIENT=@@CHARACTER_SET_CLIENT */;
/*!40101 SET @OLD_CHARACTER_SET_RESULTS=@@CHARACTER_SET_RESULTS */;
/*!40101 SET @OLD_COLLATION_CONNECTION=@@COLLATION_CONNECTION */;
/*!40101 SET NAMES utf8mb4 */;

--
-- Databáze: `bwvasem`
--

-- --------------------------------------------------------

--
-- Struktura tabulky `admin`
--

CREATE TABLE `admin` (
  `id_admin` int(11) NOT NULL,
  `login` varchar(50) NOT NULL,
  `heslo` varchar(50) NOT NULL
) ENGINE=InnoDB DEFAULT CHARSET=utf8mb4;

--
-- Vypisuji data pro tabulku `admin`
--

INSERT INTO `admin` (`id_admin`, `login`, `heslo`) VALUES
(1, 'admin', '21232f297a57a5a743894a0e4a801fc3');

-- --------------------------------------------------------

--
-- Struktura tabulky `program`
--

CREATE TABLE `program` (
  `id_filmu` int(11) NOT NULL,
  `id_rezervace` int(11) NOT NULL,
  `je_3d` tinyint(1) NOT NULL,
  `nazev` text NOT NULL,
  `zacatek` datetime NOT NULL,
  `konec` datetime NOT NULL,
  `obrazek` varchar(255) NOT NULL
) ENGINE=InnoDB DEFAULT CHARSET=utf8mb4;

--
-- Vypisuji data pro tabulku `program`
--

INSERT INTO `program` (`id_filmu`, `id_rezervace`, `je_3d`, `nazev`, `zacatek`, `konec`, `obrazek`) VALUES
(1, 1, 0, 'Vánoční příběh', '2022-11-26 20:30:00', '2022-11-26 21:50:00', ''),
(2, 2, 1, 'Avatar', '2022-11-27 19:40:00', '2022-11-26 21:30:00', ''),
(3, 3, 0, 'Grand Prix', '2022-11-28 20:00:00', '2022-11-28 22:00:00', ''),
(7, 4, 1, 'Test 12', '2022-01-08 10:20:00', '2022-12-11 20:20:00', ''),
(8, 5, 1, 'Film 1', '2022-12-05 16:00:00', '2022-12-05 18:00:00', ''),
(9, 6, 1, 'Hobbit', '2022-12-06 16:00:00', '2022-12-06 17:00:00', 'hobbit.jpg'),
(10, 7, 1, 'American Psycho', '2022-12-07 17:01:00', '2022-12-07 18:01:00', 'american_psycho.jpg'),
(11, 8, 0, 'Hobbit: Šmakova dračí poušť', '2022-12-08 16:01:00', '2022-12-08 16:02:00', 'hobbit2.jpg'),
(12, 9, 0, 'Film 5', '2022-12-09 16:02:00', '2022-12-08 19:02:00', ''),
(13, 10, 1, 'Film 6', '2022-12-10 18:02:00', '2022-12-10 20:02:00', ''),
(14, 11, 1, 'Film 7', '2022-12-11 10:10:00', '2022-12-11 11:11:00', ''),
(15, 12, 0, 'Film 8', '2022-12-12 16:35:00', '2022-12-12 16:35:00', ''),
(16, 13, 1, 'Film 8', '2022-12-13 16:35:00', '2022-12-13 16:35:00', ''),
(17, 14, 0, 'Film 10', '2022-12-24 08:00:00', '2022-12-24 09:00:00', ''),
(18, 15, 1, 'Film dnes', '2022-12-05 20:00:00', '2022-12-05 22:00:00', 'hobbit.jpg'),
(19, 16, 1, 'Film Obr', '2022-11-30 02:02:00', '2022-11-30 02:02:00', ''),
(21, 18, 1, 'Film obr 3', '2022-11-29 02:02:00', '2022-12-06 02:02:00', 'ja3.png'),
(22, 19, 1, 'Dune', '2022-12-07 16:00:00', '2022-12-07 17:00:00', 'dune.jpg');

-- --------------------------------------------------------

--
-- Struktura tabulky `rezervace`
--

CREATE TABLE `rezervace` (
  `id_rezervace` int(11) NOT NULL,
  `rezervace_string` text NOT NULL DEFAULT '000000000000000000000000000000000000000000000000000000000000000000000000000000000000000000000000000000000000000000000000000000000000000000000000000000000000000000000000000000000000000000000000000000000000000000000000000000000000000000000000000000000000000000000000000000000000000000000000000000000000'
) ENGINE=InnoDB DEFAULT CHARSET=utf8mb4;

--
-- Vypisuji data pro tabulku `rezervace`
--

INSERT INTO `rezervace` (`id_rezervace`, `rezervace_string`) VALUES
(1, '111111111111011000100111111110111111000000100011101110100001100010000000000000000000000010000010110100000010100000000010000010110010000000000010101100000000100000000000000001000000100000000000000001000011000000000000000100000010000100001000000000000000000000100000010000001010010101110000000000100000'),
(2, ' 101111100000100000011000000000000100010000101000010000000000001000100001000100100000001010000100000101001000000001001001000000000000000000000100001100000000000000000000101110000100000100000000010010100000000000100100001000000100000100100110000000100100001000010100010101000000000001100000100000100000 '),
(3, '000000000000000000000000000000000000000000000000000000000000000000000000000000000000000000000000000000000000000000000000000000000000000000000000000000000000000000000000000000000000000000000000000000000000000000000000000000000000000000000000000000000000000000000000000000000000000000000000000000000000'),
(4, '000000000000000000000000000000000000000000000000000000000000000000000000000000000000000000000000000000000000000000000000000000000000000000000000000000000000000000000000000000000000000000000000000000000000000000000000000000000000000000000000000000000000000000000000000000000000000000000000000000000000'),
(5, '000000000000000000000000000000000000000000000000000000000000000000000000000000000000000000000000000000000000000000000000000000000000000000000000000000000000000000000000000000000000000000000000000000000000000000000000000000000000000000000000000000000000000000000000000000000000000000000000000000000000'),
(6, '000001110011111100000000000000000000000000000000000000000000000000000000000000000000000010000000000000000000000000000000000000000000000000000000000000000000000000000000000000000000000000000000000000000000000000000000000000000000000000000000000000000000000000000000000000000000000000000000000000000000'),
(7, '000000110000000000000000000000000000000000000000000000000000000000000000000000000000000000000000000000000000000000000000000000000000000000000000000000000000000000000000000000000000000000000000000000000000000000000000000000000000000000000000000000000000000000000000000000000000000000000000000000000000'),
(8, '011011000000000000000000001101000000000000011000000000000000000000100000000000000000000010000000000000000000100000000000000000001000000000000000000000000000000000000000000000000000000000000000000000000000000000000000000000000000000000000000000000000000000000000000000000000000000000000000000000000000'),
(9, '000000000000000000000011100000000000000000000000000000000000000000000000000000000000000000000000000000000000000000000000000000000000000000000000000000000000000000000000000000000000000000000000000000000000000000000000000000000000000000000000000000000000000000000000000000000000000000000000000000000000'),
(10, '000000000100000000000001100110000000000001111110000000000000000110000000000000000000000000000000000000000000000000000000000000000000000000000000000000000000000000000000000000000000000000000000000000000000000000000000000000000000000000000000000000000000000000000000000000000000000000000000000000000000'),
(11, '011000011000000000000011100000000000000000000000000000000000000000000000000000000000000000000000000000000000000000000000000000000000000000000000000000000000000000000000000000000000000000000000000000000000000000000000000000000000000000000000000000000000000000000000000000000000000000000000000000000000'),
(12, '000000000000000000000000000000000000000000000000000000000000000000000000000000000000000000000000000000000000000000000000000000000000000000000000000000000000000000000000000000000000000000000000000000000000000000000000000000000000000000000000000000000000000000000000000000000000000000000000000000000000'),
(13, '000000000000000000000000000000000000000000000000000000000000000000000000000000000000000000000000000000000000000000000000000000000000000000000000000000000000000000000000000000000000000000000000000000000000000000000000000000000000000000000000000000000000000000000000000000000000000000000000000000000000'),
(14, '000000000000000000000000000000000000000000000000000000000000000000000000000000000000000000000000000000000000000000000000000000000000000000000000000000000000000000000000000000000000000000000000000000000000000000000000000000000000000000000000000000000000000000000000000000000000000000000000000000000000'),
(15, '000100111000000000000000001100000000000000000000100000000000000000001100000000000000000000000000000000000000000000000000000000000000000000000000000000000000000000000000000000000000000000000000000000000000000000000000000000000000000000000000000000000000000000000000000000000000000000000000000000000000'),
(16, '000000000000000000000000000000000000000000000000000000000000000000000000000000000000000000000000000000000000000000000000000000000000000000000000000000000000000000000000000000000000000000000000000000000000000000000000000000000000000000000000000000000000000000000000000000000000000000000000000000000000'),
(17, '000000000000000000000000000000000000000000000000000000000000000000000000000000000000000000000000000000000000000000000000000000000000000000000000000000000000000000000000000000000000000000000000000000000000000000000000000000000000000000000000000000000000000000000000000000000000000000000000000000000000'),
(18, '000000000000000000000000000000000000000000000000000000000000000000000000000000000000000000000000000000000000000000000000000000000000000000000000000000000000000000000000000000000000000000000000000000000000000000000000000000000000000000000000000000000000000000000000000000000000000000000000000000000000'),
(19, '000000000000000000000000000000000000000000000000000000000000000000000000000000000000000000000000000000000000000000000000000000000000000000000000000000000000000000000000000000000000000000000000000000000000000000000000000000000000000000000000000000000000000000000000000000000000000000000000000000000000'),
(20, '000000000000000000000000000000000000000000000000000000000000000000000000000000000000000000000000000000000000000000000000000000000000000000000000000000000000000000000000000000000000000000000000000000000000000000000000000000000000000000000000000000000000000000000000000000000000000000000000000000000000'),
(21, '000000000000000000000000000000000000000000000000000000000000000000000000000000000000000000000000000000000000000000000000000000000000000000000000000000000000000000000000000000000000000000000000000000000000000000000000000000000000000000000000000000000000000000000000000000000000000000000000000000000000');

-- --------------------------------------------------------

--
-- Struktura tabulky `vstupenky`
--

CREATE TABLE `vstupenky` (
  `id` int(11) NOT NULL,
  `id_vstupenky` int(11) NOT NULL,
  `id_filmu` int(11) NOT NULL,
  `id_rezervace` int(11) NOT NULL,
  `cisloSedadla` int(11) NOT NULL,
  `vstupniKod` varchar(100) NOT NULL
) ENGINE=InnoDB DEFAULT CHARSET=utf8mb4;

--
-- Vypisuji data pro tabulku `vstupenky`
--

INSERT INTO `vstupenky` (`id`, `id_vstupenky`, `id_filmu`, `id_rezervace`, `cisloSedadla`, `vstupniKod`) VALUES
(6, 1, 1, 1, 7, '15267a71'),
(11, 2, 1, 1, 8, '8fe7a19d'),
(12, 2, 1, 1, 28, '8fe7a19d'),
(13, 2, 1, 1, 29, '8fe7a19d'),
(14, 2, 1, 1, 10, '8fe7a19d'),
(15, 2, 1, 1, 12, '389367f7'),
(16, 2, 1, 1, 11, '389367f7'),
(22, 2, 1, 1, 48, '8fd3b46a'),
(34, 3, 1, 1, 53, '32f692dc'),
(35, 3, 1, 1, 33, '32f692dc'),
(36, 4, 9, 6, 11, 'a8b656a3'),
(37, 4, 9, 6, 12, 'a8b656a3'),
(38, 4, 9, 6, 13, 'a8b656a3'),
(39, 4, 9, 6, 14, 'a8b656a3'),
(40, 5, 9, 6, 8, '1c166638'),
(41, 6, 10, 7, 7, '98850d2c'),
(42, 6, 10, 7, 8, '98850d2c'),
(43, 7, 11, 8, 5, '19925975'),
(44, 7, 11, 8, 6, '19925975'),
(73, 8, 9, 6, 89, 'aa8383db'),
(74, 9, 11, 8, 27, 'f808ded7'),
(75, 9, 11, 8, 28, 'f808ded7'),
(76, 9, 11, 8, 30, 'f808ded7'),
(77, 10, 11, 8, 2, '423403aa'),
(78, 10, 11, 8, 3, '423403aa'),
(79, 11, 11, 8, 44, 'aa891fed'),
(80, 11, 11, 8, 45, 'aa891fed'),
(81, 12, 11, 8, 67, 'f5fcec81'),
(82, 13, 11, 8, 67, 'fc0d338e'),
(83, 14, 11, 8, 67, '5d028ea5'),
(84, 15, 11, 8, 67, '948999a2'),
(85, 16, 11, 8, 67, 'a05bd11a'),
(86, 17, 11, 8, 67, '6804de32'),
(87, 18, 11, 8, 67, '0bd35c43'),
(88, 19, 11, 8, 67, '2f90cdf7'),
(89, 20, 11, 8, 67, '4c581a59'),
(90, 21, 11, 8, 67, '4a2906df'),
(91, 22, 11, 8, 67, 'f21860c7'),
(92, 23, 11, 8, 67, 'c03b769f'),
(93, 24, 11, 8, 67, 'd1080e6a'),
(94, 25, 11, 8, 67, 'ecc101e0'),
(95, 26, 11, 8, 67, '1a7a8612'),
(96, 27, 11, 8, 67, 'ea0b77bc'),
(97, 28, 11, 8, 67, '798726e8'),
(98, 29, 11, 8, 67, 'd83f2f05'),
(99, 30, 11, 8, 67, 'e582352a'),
(100, 31, 11, 8, 67, '5bc3027d'),
(101, 32, 11, 8, 67, 'f39f03c9'),
(102, 33, 11, 8, 67, 'befcd43e'),
(103, 34, 11, 8, 67, 'd12b9344'),
(104, 35, 11, 8, 67, '8c65a051'),
(105, 36, 11, 8, 67, '0ae33edf'),
(106, 37, 13, 10, 64, '31b89c73'),
(107, 37, 13, 10, 65, '31b89c73'),
(108, 38, 13, 10, 42, 'dbcda1b0'),
(109, 38, 13, 10, 43, 'dbcda1b0'),
(110, 39, 13, 10, 25, '53d4cab6'),
(111, 39, 13, 10, 24, '53d4cab6'),
(112, 40, 13, 10, 46, '7799a9d5'),
(113, 40, 13, 10, 47, '7799a9d5'),
(114, 41, 13, 10, 45, 'c1512e3e'),
(115, 42, 13, 10, 44, '0e3c8983'),
(116, 43, 14, 11, 23, '2311ab05'),
(117, 43, 14, 11, 24, '2311ab05'),
(118, 43, 14, 11, 25, '2311ab05'),
(119, 44, 12, 9, 23, '1f22e8dd'),
(120, 44, 12, 9, 24, '1f22e8dd'),
(121, 44, 12, 9, 25, '1f22e8dd'),
(122, 45, 14, 11, 2, '28d70222'),
(123, 45, 14, 11, 3, '28d70222'),
(124, 46, 14, 11, 8, '14d9694f'),
(125, 46, 14, 11, 9, '14d9694f'),
(126, 47, 14, 11, 8, '127b2dcf'),
(127, 47, 14, 11, 9, '127b2dcf'),
(128, 48, 11, 8, 89, 'feb4dc48'),
(129, 48, 11, 8, 109, 'feb4dc48'),
(130, 48, 11, 8, 129, 'feb4dc48'),
(131, 49, 13, 10, 28, '4bb6acbd'),
(132, 49, 13, 10, 29, '4bb6acbd'),
(133, 50, 13, 10, 10, 'e1839aa2');

--
-- Indexy pro exportované tabulky
--

--
-- Indexy pro tabulku `admin`
--
ALTER TABLE `admin`
  ADD PRIMARY KEY (`id_admin`);

--
-- Indexy pro tabulku `program`
--
ALTER TABLE `program`
  ADD PRIMARY KEY (`id_filmu`);

--
-- Indexy pro tabulku `rezervace`
--
ALTER TABLE `rezervace`
  ADD PRIMARY KEY (`id_rezervace`);

--
-- Indexy pro tabulku `vstupenky`
--
ALTER TABLE `vstupenky`
  ADD PRIMARY KEY (`id`);

--
-- AUTO_INCREMENT pro tabulky
--

--
-- AUTO_INCREMENT pro tabulku `admin`
--
ALTER TABLE `admin`
  MODIFY `id_admin` int(11) NOT NULL AUTO_INCREMENT, AUTO_INCREMENT=2;

--
-- AUTO_INCREMENT pro tabulku `program`
--
ALTER TABLE `program`
  MODIFY `id_filmu` int(11) NOT NULL AUTO_INCREMENT, AUTO_INCREMENT=25;

--
-- AUTO_INCREMENT pro tabulku `rezervace`
--
ALTER TABLE `rezervace`
  MODIFY `id_rezervace` int(11) NOT NULL AUTO_INCREMENT, AUTO_INCREMENT=22;

--
-- AUTO_INCREMENT pro tabulku `vstupenky`
--
ALTER TABLE `vstupenky`
  MODIFY `id` int(11) NOT NULL AUTO_INCREMENT, AUTO_INCREMENT=134;
COMMIT;

/*!40101 SET CHARACTER_SET_CLIENT=@OLD_CHARACTER_SET_CLIENT */;
/*!40101 SET CHARACTER_SET_RESULTS=@OLD_CHARACTER_SET_RESULTS */;
/*!40101 SET COLLATION_CONNECTION=@OLD_COLLATION_CONNECTION */;
